name, email, password
Camilo Pineda,camilo@gmail.com,123
Iva Harrison,allisonjackson@mail.com,$2b$10$.eqJMJJIYfTsfkWmeDh7tuoet9s1.qx4ZY0Z/iRb70K9/tsYC.Lf.
Lloyd Jefferson,asherpoole@gmx.com,$2b$10$.eqJMJJIYfTsfkWmeDh7tuoet9s1.qx4ZY0Z/iRb70K9/tsYC.Lf.
Dale Coleman,michaelgray@mail.com,$2b$10$.eqJMJJIYfTsfkWmeDh7tuoet9s1.qx4ZY0Z/iRb70K9/tsYC.Lf.
Alejandro Osborne,ariaatkinson@outlook.com,$2b$10$.eqJMJJIYfTsfkWmeDh7tuoet9s1.qx4ZY0Z/iRb70K9/tsYC.Lf.
Nell Medina,juliansantos@aol.com,$2b$10$.eqJMJJIYfTsfkWmeDh7tuoet9s1.qx4ZY0Z/iRb70K9/tsYC.Lf.
Estelle Walsh,elistanton@yahoo.com,$2b$10$.eqJMJJIYfTsfkWmeDh7tuoet9s1.qx4ZY0Z/iRb70K9/tsYC.Lf.
Herbert Graves,emilyowen@live.com,$2b$10$.eqJMJJIYfTsfkWmeDh7tuoet9s1.qx4ZY0Z/iRb70K9/tsYC.Lf.
John Stevens,charliebattle@yahoo.com,$2b$10$.eqJMJJIYfTsfkWmeDh7tuoet9s1.qx4ZY0Z/iRb70K9/tsYC.Lf.
Isabelle Robbins,miasutton@aol.com,$2b$10$.eqJMJJIYfTsfkWmeDh7tuoet9s1.qx4ZY0Z/iRb70K9/tsYC.Lf.
Jerome Wright,bellaanthony@gmail.com,$2b$10$.eqJMJJIYfTsfkWmeDh7tuoet9s1.qx4ZY0Z/iRb70K9/tsYC.Lf.
May Barrett,gabriellabarrera@aol.com,$2b$10$.eqJMJJIYfTsfkWmeDh7tuoet9s1.qx4ZY0Z/iRb70K9/tsYC.Lf.
Christine Buchanan,nathannguyen@ymail.com,$2b$10$.eqJMJJIYfTsfkWmeDh7tuoet9s1.qx4ZY0Z/iRb70K9/tsYC.Lf.
Oscar Little,alainamcfarland@hotmail.com,$2b$10$.eqJMJJIYfTsfkWmeDh7tuoet9s1.qx4ZY0Z/iRb70K9/tsYC.Lf.
Mabelle Hughes,jordansears@outlook.com,$2b$10$.eqJMJJIYfTsfkWmeDh7tuoet9s1.qx4ZY0Z/iRb70K9/tsYC.Lf.
Adelaide Harrington,ariawolfe@outlook.com,$2b$10$.eqJMJJIYfTsfkWmeDh7tuoet9s1.qx4ZY0Z/iRb70K9/tsYC.Lf.
Ola Brock,alainajames@gmail.com,$2b$10$.eqJMJJIYfTsfkWmeDh7tuoet9s1.qx4ZY0Z/iRb70K9/tsYC.Lf.
Gavin Cook,nolanbriggs@gmail.com,$2b$10$.eqJMJJIYfTsfkWmeDh7tuoet9s1.qx4ZY0Z/iRb70K9/tsYC.Lf.
Harriett Alvarez,kaelynross@gmail.com,$2b$10$.eqJMJJIYfTsfkWmeDh7tuoet9s1.qx4ZY0Z/iRb70K9/tsYC.Lf.
Effie Simpson,muhammadwebb@hotmail.com,$2b$10$.eqJMJJIYfTsfkWmeDh7tuoet9s1.qx4ZY0Z/iRb70K9/tsYC.Lf.
Mamie Webster,ianhale@ymail.com,$2b$10$.eqJMJJIYfTsfkWmeDh7tuoet9s1.qx4ZY0Z/iRb70K9/tsYC.Lf.
Jennie Powers,lilabell@live.com,$2b$10$.eqJMJJIYfTsfkWmeDh7tuoet9s1.qx4ZY0Z/iRb70K9/tsYC.Lf.
Maggie Norris,miafletcher@inbox.com,$2b$10$.eqJMJJIYfTsfkWmeDh7tuoet9s1.qx4ZY0Z/iRb70K9/tsYC.Lf.
Justin Reyes,austindotson@aol.com,$2b$10$.eqJMJJIYfTsfkWmeDh7tuoet9s1.qx4ZY0Z/iRb70K9/tsYC.Lf.
Effie Phillips,evelynaustin@ymail.com,$2b$10$.eqJMJJIYfTsfkWmeDh7tuoet9s1.qx4ZY0Z/iRb70K9/tsYC.Lf.
Travis Mendoza,lucypittman@gmx.com,$2b$10$.eqJMJJIYfTsfkWmeDh7tuoet9s1.qx4ZY0Z/iRb70K9/tsYC.Lf.
Edgar Harrison,keiragates@ymail.com,$2b$10$.eqJMJJIYfTsfkWmeDh7tuoet9s1.qx4ZY0Z/iRb70K9/tsYC.Lf.
Delia Caldwell,elliotbaker@yahoo.com,$2b$10$.eqJMJJIYfTsfkWmeDh7tuoet9s1.qx4ZY0Z/iRb70K9/tsYC.Lf.
Calvin Thornton,rileyrichard@outlook.com,$2b$10$.eqJMJJIYfTsfkWmeDh7tuoet9s1.qx4ZY0Z/iRb70K9/tsYC.Lf.
Elizabeth Lane,henryhaynes@gmx.com,$2b$10$.eqJMJJIYfTsfkWmeDh7tuoet9s1.qx4ZY0Z/iRb70K9/tsYC.Lf.
James Banks,sydneylopez@live.com,$2b$10$.eqJMJJIYfTsfkWmeDh7tuoet9s1.qx4ZY0Z/iRb70K9/tsYC.Lf.
Micheal Page,kennedyparks@mail.com,$2b$10$.eqJMJJIYfTsfkWmeDh7tuoet9s1.qx4ZY0Z/iRb70K9/tsYC.Lf.
Owen Powell,ariagallagher@gmail.com,$2b$10$.eqJMJJIYfTsfkWmeDh7tuoet9s1.qx4ZY0Z/iRb70K9/tsYC.Lf.
Rosetta Walsh,kylierhodes@mail.com,$2b$10$.eqJMJJIYfTsfkWmeDh7tuoet9s1.qx4ZY0Z/iRb70K9/tsYC.Lf.
Louis Washington,chloecarter@google.com,$2b$10$.eqJMJJIYfTsfkWmeDh7tuoet9s1.qx4ZY0Z/iRb70K9/tsYC.Lf.
Pauline Cruz,hannahpickett@inbox.com,$2b$10$.eqJMJJIYfTsfkWmeDh7tuoet9s1.qx4ZY0Z/iRb70K9/tsYC.Lf.
